nm,W/sm/nm,W/sm
199.5,0.005849248547288473,0.011740170833303518
201.5,0.00707426135576851,0.02170655339081099
203.5,0.008701874881688474,0.0376462718969644
205.5,0.010680382893026794,0.05762715095868945
207.5,0.01511548928374683,0.08481776036290765
209.5,0.022940606022142835,0.12518864985314698
211.5,0.029917547011195256,0.17982956734691513
213.5,0.03345366884244401,0.24465966177424775
215.5,0.03593175135947954,0.31663738171920575
217.5,0.039216532775223675,0.3948136587773766
219.5,0.043249408473839096,0.481200004902326
221.5,0.048359133233935314,0.5772253674711854
223.5,0.054022743404433124,0.6821063543186856
225.5,0.05257641666606831,0.7858084997058091
227.5,0.047691500934662207,0.8829896071020267
229.5,0.047125232222642206,0.9814524593479649
231.5,0.04847281807005459,1.0833114422791164
233.5,0.05009520615227981,1.1842722934202208
235.5,0.05233547131390096,1.2833025600862178
237.5,0.051881106583872544,1.38066197021372
239.5,0.050789529383626325,1.477532402224019
241.5,0.05373811873579653,1.5831145724336206
243.5,0.05692132555989218,1.7003213507597645
245.5,0.056232274161665055,1.8168496522677877
247.5,0.05565394792865228,1.9268625008338758
249.5,0.054733541110074904,2.032950997210354
251.5,0.0547967088120193,2.1397295226239765
253.5,0.06569821533505063,2.2610398754772856
255.5,0.08914191794945207,2.421947857872125
257.5,0.10869178850452497,2.6290958739432604
259.5,0.11500402567256925,2.859601044155997
261.5,0.1332835919029121,3.1177082994818512
263.5,0.1846303158965547,3.46478468167345
265.5,0.24009971352005213,3.9279742953462535
267.5,0.25981973602541564,4.444771983677148
269.5,0.24984297768072575,4.960142944600719
271.5,0.23060959332507025,5.446656451798429
273.5,0.2141391927340514,5.880631230006381
275.5,0.20677605518204037,6.283267899565967
277.5,0.19170562253415868,6.671999028801324
279.5,0.17969950933547846,7.033782883619789
281.5,0.2167315178959463,7.438901187487584
283.5,0.24969228147252534,7.9260563497226695
285.5,0.26612352681903495,8.46741080939353
287.5,0.3462011034143819,9.127572336862098
289.5,0.45790356260788706,9.982040800754259
291.5,0.5342846277832656,11.019050708492621
293.5,0.5523687514698572,12.109748462247351
295.5,0.5416898755906205,13.165196643500819
297.5,0.5208409719192133,14.161726573465925
299.5,0.4984597162777409,15.100854638476793
301.5,0.5129790424060585,16.056005199010666
303.5,0.5654355283010901,17.115542566995526
305.5,0.5959199437247136,18.255792199744157
307.5,0.5943469747795439,19.370502220068047
309.5,0.6049825227605974,20.435703679448437
311.5,0.665795702460575,21.585614679560514
313.5,0.719181937573206,22.88247286029528
315.5,0.7566546376792685,24.260591462106763
317.5,0.7815005077774295,25.675892510001184
319.5,0.7713361773274905,27.13922292811481
321.5,0.7274709368836191,28.61899468267812
323.5,0.695200375249813,30.06890922055316
325.5,0.7737576957046952,31.612015472147874
327.5,0.9260204453998191,33.42024164992838
329.5,0.9916531153093203,35.49136942371893
331.5,0.9696802359323197,37.6866466959859
333.5,0.9438184098835414,39.73720751501196
335.5,0.9320905266449657,41.6010935501089
337.5,0.9181472584157235,43.38729681588963
339.5,0.9245898317171117,45.21348703889236
341.5,0.9460324499291524,47.10651008227741
343.5,0.9606565296748312,48.98628716390348
345.5,0.948435084700063,50.799954576040236
347.5,0.9192898881190367,52.61166903449109
349.5,0.9253303196430847,54.50237591046833
351.5,0.9895951908600812,56.49624322470037
353.5,1.045195015898526,58.5434881504771
355.5,1.0304685903959907,60.56729015392848
357.5,1.0037435115449214,62.480931105871186
359.5,1.0047992556866585,64.33164021736107
361.5,0.9900370965819894,66.26395943374649
363.5,1.0411635073100078,68.36728973001607
365.5,1.160616271361651,70.63884880190291
367.5,1.2422619220975624,73.02033914535207
369.5,1.2640340283793854,75.40349351677287
371.5,1.184985300093901,77.66196915584973
373.5,1.0783533104550709,79.76631731682195
375.5,1.1059193759751103,81.88741219639394
377.5,1.1466453639838736,84.14681425993939
379.5,1.0833092107140347,86.4420505031757
381.5,0.9755463306327157,88.55819925248164
383.5,0.8865645766598429,90.43687292736973
385.5,0.9161321667740541,92.32816130369548
387.5,1.0328713915580268,94.3706418472911
389.5,1.1488576921748943,96.5521166762941
391.5,1.1086513354819991,98.72511369692093
393.5,1.001177919044385,100.7697106688842
395.5,1.0983020424333996,102.86638063995376
397.5,1.2861020730546953,105.212976483468
399.5,1.520370641004849,108.0689394549326
401.5,1.6778258977252012,111.3370351955238
403.5,1.6859746019912547,114.6997273762056
405.5,1.646915694784455,118.0000401491874
407.5,1.637679009470617,121.30188322659214
409.5,1.6952842627547506,124.68888392704083
411.5,1.7562599382591526,128.13144930033053
413.5,1.758522393867171,131.60545264499194
415.5,1.7274445101049687,135.095017307295
417.5,1.705333766122625,138.57444653082342
419.5,1.7200549251478743,142.04251184103987
421.5,1.7409890208258898,145.484677705139
423.5,1.720481297189917,148.87112804458638
425.5,1.6639996953410185,152.2303861111734
427.5,1.594493489853426,155.49979094549388
429.5,1.5787334799994872,158.6153075484578
431.5,1.644107108198769,161.6996968989282
433.5,1.7101237009493278,164.95411099455964
435.5,1.750355832952283,168.39391809789205
437.5,1.7950957517240944,171.92396956108345
439.5,1.8466604759003702,175.47372359227012
441.5,1.889051046206688,179.11503121351092
443.5,1.8996334908430486,182.8961896150555
445.5,1.9246114104675611,186.7692242349145
447.5,1.9964532032757356,190.72933194208252
449.5,2.0462455495708367,194.78525608526638
451.5,2.0503908477873423,198.88072859844507
453.5,2.031855030932511,202.92421052762813
455.5,2.039252103025635,206.96506157964447
457.5,2.0543184789788445,211.0466230181637
459.5,2.0471611860670027,215.12421052762812
461.5,2.043677039739896,219.19908686155105
463.5,2.0431305827993143,223.2640513423139
465.5,2.034625494808582,227.29323117958458
467.5,2.0190659350918905,231.29368774880905
469.5,2.008042912449912,235.27039035962986
471.5,2.0067913020929753,239.2359218915612
473.5,2.0105669262603376,243.23637846078566
475.5,2.029787476071419,247.27672937694575
477.5,2.058695303890702,251.33049601269423
479.5,2.0733210361792005,255.4044056759184
481.5,2.0550739780843683,259.47966677262866
483.5,1.9852903823494268,263.4679252251263
485.5,1.9002124344278806,267.2671240423019
487.5,1.8786791274964263,270.95473672389176
489.5,1.9042872885015658,274.72432248325265
491.5,1.9098812692533953,278.57855565384364
493.5,1.9121253256143684,282.46598810115586
495.5,1.9414560078247778,286.40448597429315
497.5,1.9670589073591498,290.3469676317637
499.5,1.9407839023223392,294.20308608305044
501.5,1.9035924878250583,297.98383284534316
503.5,1.9214875914942757,301.787500836305
505.5,1.9456439328119806,305.6313957680808
507.5,1.9372879078027978,309.5049693096426
509.5,1.9363372949644777,313.3882217207547
511.5,1.935092053687006,317.2317156696594
513.5,1.9011025831562463,320.9989213736768
515.5,1.8519073612163028,324.66715080842675
517.5,1.8137896406560357,328.2246537137902
519.5,1.832264379582563,331.7839581840301
521.5,1.877423261226581,335.45393212362285
523.5,1.8998596497955456,339.2197780855849
525.5,1.896330223198668,342.9807285984451
527.5,1.888099126799082,346.6897286764971
529.5,1.910235439599385,350.4417508074029
531.5,1.9380693870081465,354.2466497842887
533.5,1.947578342490717,358.04840767219383
535.5,1.9388279357235192,361.84436693816633
537.5,1.9005470348356273,365.6124723975702
539.5,1.8697501177429023,369.33943777771117
541.5,1.8720711080211485,373.03003944346983
543.5,1.881884129770749,376.7359085084988
545.5,1.8793749607138492,380.47624604159637
547.5,1.8714298645451914,384.2242239106906
549.5,1.8757420403895564,387.96994717346786
551.5,1.8808359056926793,391.69997323387514
553.5,1.8831757514783267,395.4291396880833
555.5,1.8764751322493198,399.1640781084388
557.5,1.8520789128728516,402.86409149150126
559.5,1.831035841251574,406.52959625730773
561.5,1.831480749108144,410.20584229890414
563.5,1.8372739175468114,413.90044318616197
565.5,1.841702856768228,417.59955681383803
567.5,1.855725952111141,421.2941443180335
569.5,1.856962950300741,424.96994717346786
571.5,1.850656441627403,428.6300528265323
573.5,1.8519776416472449,432.3058556819666
575.5,1.849424125824475,436.0004565692245
577.5,1.846099414515737,439.70000000000005
579.5,1.8447599179213479,443.3995434307756
581.5,1.846255909157339,447.0941041688462
583.5,1.8372177481749599,450.7685640827319
585.5,1.8138086750298557,454.4120158283457
587.5,1.7743813545779097,458.00937156811653
589.5,1.734569630516659,461.5542232049729
591.5,1.751878109705632,465.1107982254842
593.5,1.7820621532034526,468.6950306903575
595.5,1.786555287796772,472.2695039873058
597.5,1.781250537149325,475.82372719227874
599.5,1.7737679859896727,479.3694906042434
601.5,1.770017833385403,482.894574121133
603.5,1.7722868648845227,486.4049425435177
605.5,1.7682922191799637,489.9241703784408
607.5,1.7586149176905677,493.43942439464877
609.5,1.7477070743269587,496.9178581272498
611.5,1.7310452409237147,500.36857746579443
613.5,1.7125431216721732,503.78871843916653
615.5,1.7077819756284325,507.17534628620996
617.5,1.7082242431627157,510.56007888693955
619.5,1.702561922751844,513.97534628621
621.5,1.6882228428922637,517.3888522697911
623.5,1.669700474425985,520.773262730737
625.5,1.6638826199762025,524.1804826577313
627.5,1.6732809994868088,527.7918792873348
629.5,1.6703094603847073,531.6872033255438
631.5,1.657118090429837,535.547072649039
633.5,1.6537752992229997,539.082911963978
635.5,1.6552375898314375,542.4211824895806
637.5,1.6515034751441213,545.715131570088
639.5,1.6397656974265882,548.984495938594
641.5,1.6273201883108561,552.2369853767227
643.5,1.6223465161842223,555.486853956583
645.5,1.614039948193832,558.7266247455138
647.5,1.5967990278326525,561.938252869744
649.5,1.5883077115846418,565.1175470818293
651.5,1.5885104938770973,568.288936779746
653.5,1.561457176540541,571.410848829079
655.5,1.5063788053234848,574.413780096966
657.5,1.4879425914280147,577.3718847920762
659.5,1.5271186805184902,580.4276212178297
661.5,1.5571244687375472,583.5540913083589
663.5,1.5590226309102295,586.6717267808795
665.5,1.5522833343298799,589.7739212674416
667.5,1.543798266408917,592.8651833693792
669.5,1.534898069827523,595.9344615193472
671.5,1.5251378292259443,598.9861703714499
673.5,1.5182122270831502,602.0279296488413
675.5,1.5124828400901231,605.0467540698759
677.5,1.5061109283888399,608.0497307455303
679.5,1.4984243966626019,611.0491086862103
681.5,1.488238837008104,614.0393336858115
683.5,1.4756579029747021,616.999686359711
685.5,1.466736924056768,619.9215208424321
687.5,1.4635346321668565,622.8247672473792
689.5,1.4587121436024044,625.7249581964483
691.5,1.4516666613522733,628.624148518511
693.5,1.4437842682894848,631.5151868529388
695.5,1.4332684498038195,634.3844620901141
697.5,1.4225399999828008,637.2361702508028
699.5,1.4106685916211665,640.0779295606637
701.5,1.3995689416840424,642.896754543234
703.5,1.3999111904168788,645.6997291493865
705.5,1.4036222372617266,648.4991470336736
707.5,1.398044716937907,651.290185729255
709.5,1.3890772567968113,654.0594624237069
711.5,1.3817717815956754,656.8111700401155
713.5,1.3733580360934576,659.5529300698204
715.5,1.362251951739138,662.2717529264048
717.5,1.3482236923875472,664.974767543792
719.5,1.3379827940033775,667.6749989100346
721.5,1.3391099919512066,670.3749624146396
723.5,1.3454258057444917,673.0741095120281
725.5,1.3458367840182155,675.7643729057518
727.5,1.3376768305893387,678.425538137265
729.5,1.3279364163070317,681.056297097509
731.5,1.322277059088055,683.6894159466285
733.5,1.3165631923066834,686.3281226124337
735.5,1.3084216012932985,688.9459049364783
737.5,1.2955296568212407,691.5399536954799
739.5,1.2801677234071893,694.1094986049255
741.5,1.2747593305109814,696.6620196392055
743.5,1.2791039512007973,699.212744867742
745.5,1.2809128736864799,701.7622534698925
747.5,1.2773261602510484,704.3127086252133
749.5,1.2702226483638839,706.8614025282408
751.5,1.2635160648795014,709.4029316950946
753.5,1.2586050159893853,711.9217554841462
755.5,1.2534080825048366,714.4247288972857
757.5,1.2472274050881826,716.9241471011649
759.5,1.2420003662839971,719.4151857113906
761.5,1.238261824522238,721.8844624276734
763.5,1.229947015473886,724.3361700421141
765.5,1.2137411293882985,726.7779300578592
767.5,1.201761209092719,729.1967529722513
769.5,1.2019040590754761,731.5997673723683
771.5,1.2039768065765863,733.9999995498831
773.5,1.2008294033989606,736.3999602357794
775.5,1.1955225895379944,738.7991498147567
777.5,1.1922319579896072,741.1901854837142
779.5,1.1887094351943985,743.5594989161227
781.5,1.1842770656568162,745.912060589392
783.5,1.1806838565343014,748.2635578026839
785.5,1.1788589610364666,750.621179318907
787.5,1.1756655778053646,752.9925427698435
789.5,1.1678636822276935,755.3490662345014
791.5,1.1559174750829206,757.6617474532877
793.5,1.1458506270606095,759.935117397241
795.5,1.1430186954154624,762.1968333912018
797.5,1.1432243974299174,764.4782062093839
799.5,1.1405370323849848,766.774342921489
801.5,1.1354913975639,769.0643353793316
803.5,1.127382704879119,771.3247251886523
805.5,1.119163546277076,773.5473733162796
807.5,1.1123431073265413,775.7595413173918
809.5,1.1088916763000927,777.9896471667969
811.5,1.1112243909094652,780.2281256451804
813.5,1.1114233589785028,782.4459035505074
815.5,1.1047046251297288,784.6399940797326
817.5,1.0915578695814143,786.810310063903
819.5,1.079526736003492,788.9709843942592
821.5,1.0762381270238601,791.1434289104438
823.5,1.0759578893031767,793.3097334901967
825.5,1.075711948651384,795.4619861271772
827.5,1.0744649808839475,797.6118551592367
829.5,1.0689903571485198,799.7516250395342
831.5,1.0579688961513278,801.8632839728075
833.5,1.0491330755136326,803.9435886030527
835.5,1.0486409512341908,806.0280135899254
837.5,1.0478684205678648,808.1251901004312
839.5,1.0437409211213535,810.2241521302058
841.5,1.038330687920109,812.3151498220043
843.5,1.0323899855460357,814.3836084109839
845.5,1.0242653907697477,816.4263987856942
847.5,1.0080474275379054,818.4381662943779
849.5,0.9920278696087305,820.4160323030774
851.5,0.9776395965198224,822.3736832756874
853.5,0.9535556610149184,824.2812836022749
855.5,0.9506238289961624,826.1655062882651
857.5,0.9793808936405408,828.1097383839542
859.5,0.9958449603418111,830.1005783493016
861.5,0.9943708162846987,832.0974528981794
863.5,0.9790452275088132,834.0706351342574
865.5,0.949246651415729,835.9802029651354
867.5,0.9368731997712265,837.8556915795436
869.5,0.9577680758235794,839.7692328298422
871.5,0.976375135785124,841.712716238583
873.5,0.980201918295602,843.6627138549577
875.5,0.9793081674462861,845.6114025618308
877.5,0.9733540930581492,847.5529700591958
879.5,0.9636998380864901,849.4726060404155
881.5,0.9571587718328443,851.3845433295876
883.5,0.9550439458512044,853.3146481499518
885.5,0.9539175505761985,855.253125346344
887.5,0.9502545878435478,857.1709037626983
889.5,0.9461063805406553,859.0649935298059
891.5,0.9413096757658821,860.935311842309
893.5,0.9371948013231868,862.7959453943153
895.5,0.934389878737726,864.6675790855497
897.5,0.926909044444801,866.5249169773472
899.5,0.9149160164677835,868.3465248963417
901.5,0.9061956738609763,870.1497297339324
903.5,0.9000838134424731,871.9491060051521
905.5,0.8919903411974812,873.7393722119093
907.5,0.8808590882639513,875.5005387735316
909.5,0.8717102440013457,877.2312954553955
911.5,0.8703546300869892,878.9644543150621
913.5,0.8697991810299424,880.7039746179655
915.5,0.8648535274517363,882.4306811311505
917.5,0.8576300788477926,884.1546024083696
919.5,0.8465219085830372,885.8626630267541
921.5,0.8330130882481852,887.5337760201595
923.5,0.8257951178499959,889.1875118524923
925.5,0.8261044781397718,890.8372894528801
927.5,0.8285807996537374,892.4885597895914
929.5,0.8294877449542097,894.146178826995
931.5,0.828235515445974,895.8175808328108
933.5,0.823838655263819,897.4749183116976
935.5,0.8150466193345646,899.0965236667694
937.5,0.8074003605253591,900.6997659632284
939.5,0.8026309358446975,902.2999983818294
941.5,0.7966548289412537,903.8999606711542
943.5,0.7929646679381537,905.4991492413114
945.5,0.7923251816058787,907.0901871330109
947.5,0.7875505269816354,908.6594604561355
949.5,0.7802779066762208,910.2112089428915
951.5,0.7745817519626275,911.7537804725507
953.5,0.7695132677448555,913.2815674341874
955.5,0.7678505801782382,914.8152684441955
957.5,0.7697347430029406,916.3629390630406
959.5,0.7696119031108637,917.9114020349471
961.5,0.7675932740499827,919.4529717767832
963.5,0.7654194460871031,920.9726053429288
965.5,0.763636250568543,922.4845444019468
967.5,0.7648911763245698,924.0146449762226
969.5,0.7669163389180926,925.5532018413953
971.5,0.7644197761031227,927.0726086305293
973.5,0.760366186793261,928.5845431521175
975.5,0.7601412193729957,930.1146845610551
977.5,0.7639713255279711,931.654016152801
979.5,0.7654973953696442,933.1815307572633
981.5,0.7652199251072195,934.7144554727884
983.5,0.7659296787004312,936.2540145234929
985.5,0.7648911433304317,937.7815300435577
987.5,0.7630960263596263,939.3144218746932
989.5,0.7630073157156341,940.8531480926399
991.5,0.7607513434297759,942.3721652860885
993.5,0.7561638464829323,943.8844495408418
995.5,0.7509455080273126,945.4896070522502
997.5,0.7460445842340628,947.3935232001118
999.5,0.7442279329660737,949.5879672587171
1001.5,0.7441659606734039,951.6975777161915
1003.5,0.7429433361772451,953.4956607612387
1005.5,0.740363893709454,955.0540851311484
1007.5,0.7377264733967306,956.5158225935982
1009.5,0.7358463807738189,957.9745181173084
1011.5,0.7341870470629989,959.4497663504665
1013.5,0.7314976013554397,960.9201765343639
1015.5,0.7268828260948965,962.3679551456694
1017.5,0.7203614607382562,963.7923943365554
1019.5,0.7132226719874413,965.2009778332209
1021.5,0.7079077153231139,966.6013498507324
1023.5,0.7061203164893454,967.9993946545283
1025.5,0.7064044727777348,969.3989003131858
1027.5,0.7048949145686652,970.8010090649366
1029.5,0.6996604665922412,972.2029907762083
1031.5,0.6933429299903233,973.5979544485756
1033.5,0.6899251915687734,974.9788835183646
1035.5,0.6898173750526209,976.3442388503713
1037.5,0.6897437509639286,977.6993718758489
1039.5,0.687353353106781,979.054497170677
1041.5,0.6841924786127324,980.4216191753341
1043.5,0.6829957842090095,981.8067401406948
1045.5,0.6833550882500857,983.2002783051845
1047.5,0.6817131226827815,984.5800007841108
1049.5,0.675695416702678,985.9282318666928
1051.5,0.6669910939651291,987.2438369284205
1053.5,0.6591105810555538,988.5371773725952
1055.5,0.6536827902066813,989.8203839232427
1057.5,0.6498687493875286,991.1020873731827
1059.5,0.6465524531375941,992.3836770539424
1061.5,0.6438815116357017,993.6593075224712
1063.5,0.6425432487329052,994.9282867035845
1065.5,0.6423859733339821,996.2105193352248
1067.5,0.6422944803001327,997.5370259754225
1069.5,0.6412653139746514,998.9101588991126
1071.5,0.6391692104384932,1000.2810060111514
1073.5,0.6364079918743893,1001.5888062166871
1075.5,0.6332707042025696,1002.8189901211247
1077.5,0.6297856025921799,1004.0077592429147
1079.5,0.6259868043211241,1005.1959265639082
1081.5,0.6221277268719339,1006.3957667750844
1083.5,0.6186480959122793,1007.5998544698407
1085.5,0.6160441103353462,1008.8014178692742
1087.5,0.6145891316608711,1010.0005598482751
1089.5,0.6137565466781858,1011.1997087176187
1091.5,0.6120598610590091,1012.399695951462
1093.5,0.6084231347567364,1013.5999861521364
1095.5,0.6040000279747519,1014.8000985278327
1097.5,0.6016423216943294,1016.0000464517776
1099.5,0.602716459873359,1017.1999949474286
1101.5,0.6051615036394076,1018.3999765453832
1103.5,0.6058602756849791,1019.5999516600643
1105.5,0.6042464361427787,1020.7999615203817
1107.5,0.6024431890741644,1022.0000904766084
1109.5,0.6020191135242631,1023.2002205463776
1111.5,0.6018390380624424,1024.3999756839012
1113.5,0.5997163553500116,1025.5993370887622
1115.5,0.5951641960984493,1026.7993627575088
1117.5,0.5896958257813876,1028.001220220737
1119.5,0.5848386109351806,1029.2030927018545
1121.5,0.5807403128882571,1030.3996830292335
1123.5,0.5768141331749478,1031.590767582603
1125.5,0.5729542502429699,1032.7911160140948
1127.5,0.569720932698117,1034.016928251401
1129.5,0.5675900719926465,1035.2415542378299
1131.5,0.5663988462084315,1036.377249733545
1133.5,0.5655431540701221,1037.3514841547155
1135.5,0.5643976882103656,1038.2124326361554
1137.5,0.5625965591199039,1039.114068097877
1139.5,0.5603287588172011,1040.1719391373026
1141.5,0.5583905387480705,1041.3659329105278
1143.5,0.5573706757189931,1042.6012502589842
1145.5,0.5566009818640109,1043.813892163564
1147.5,0.5545644386134496,1045.0000944962758
1149.5,0.5509828292744465,1046.1862979920022
1151.5,0.5479676893510628,1047.3986738570409
1153.5,0.5478637815143625,1048.6333502299622
1155.5,0.5501092100915898,1049.8273900319432
1157.5,0.5513703044451892,1050.8872548499821
1159.5,0.5490392996707181,1051.7909003725217
1161.5,0.5436589709784317,1052.648170329144
1163.5,0.5376951302308269,1053.6127901172877
1165.5,0.5332735073309635,1054.7488629053976
1167.5,0.5312833484982262,1056.0013396637619
1169.5,0.531330163946982,1057.253832910063
1171.5,0.5319016877247131,1058.3861340835783
1173.5,0.531290673449085,1059.3416668289683
1175.5,0.5287648663286726,1060.1995882597753
1177.5,0.5247705884884684,1061.1314360803763
1179.5,0.5203020191361778,1062.2183386398028
1181.5,0.5163746323152248,1063.3434144322227
1183.5,0.513708256985363,1064.3401972426989
1185.5,0.5124348155018366,1065.214017170389
1187.5,0.5120944377011987,1066.1371276379095
1189.5,0.5119128430680825,1067.2153628932047
1191.5,0.5110617184929306,1068.3403220542086
1193.5,0.5089943167688173,1069.340092250749
1195.5,0.5058332764738235,1070.2150542111654
1197.5,0.5023164723376153,1071.1375341851779
1199.5,0.49926666364235495,1072.2151439505528
1201.5,0.4971601837587428,1073.340100573792
1203.5,0.49594751737988296,1074.3401005148799
1205.5,0.4949540456750804,1075.2151438714195
1207.5,0.4933234353652268,1076.1375342893998
1209.5,0.4912437113021404,1077.2150545000254
1211.5,0.4904812569007225,1078.340092225967
1213.5,0.492484314228657,1079.3403212046571
1215.5,0.49577425710977197,1080.2153620741979
1217.5,0.49651164621535243,1081.1371292012388
1219.5,0.49256812484603635,1082.214021135295
1221.5,0.48613841006867653,1083.34019683684
1223.5,0.4812706116378298,1084.3434025974116
1225.5,0.47991488254627956,1085.218327252841
1227.5,0.4811004295739393,1086.131457862763
1229.5,0.48276844283561593,1087.1996434795974
1231.5,0.48329636343379057,1088.3416611717244
1233.5,0.48207230477962887,1089.3859692457713
1235.5,0.47982074801425545,1090.2536743116038
1237.5,0.47805493546214295,1091.0016430538458
1239.5,0.4773664039860749,1091.7496320180032
1241.5,0.47648629591489167,1092.6127113217303
1243.5,0.4739246438850676,1093.645874434656
1245.5,0.47034646173917816,1094.7886913810569
1247.5,0.4683128507881855,1095.891480528768
1249.5,0.4692341667060759,1096.8381023885993
1251.5,0.4713870145722894,1097.632261314564
1253.5,0.4716722216786491,1098.367048332438
1255.5,0.4684750693181118,1099.1614790200615
1257.5,0.46235630902267394,1100.109836129918
1259.5,0.4549714486897617,1101.2143767324553
1261.5,0.44811520363523394,1102.3537585931285
1263.5,0.44306387140092496,1103.3779907085095
1265.5,0.4399848489813317,1104.241438519083
1267.5,0.4382225470170871,1105.0154091467589
1269.5,0.43759282748800277,1105.7881748271489
1271.5,0.43902730709076676,1106.591246504381
1273.5,0.44307453395208685,1107.408932691666
1275.5,0.4477854897236943,1108.2119338272842
1277.5,0.4493595876723138,1108.9842490860128
1279.5,0.4459356619351672,1109.7577650857206
1281.5,0.4399787597518972,1110.6221045470638
1283.5,0.4357108879953192,1111.6486548959526
1285.5,0.43509330112085975,1112.7879408247973
1287.5,0.4370518736820205,1113.8857208961056
1289.5,0.43949510406595105,1114.8272627927488
1291.5,0.4409318308971034,1115.6340974843763
1293.5,0.44084007548737836,1116.4009961760948
1295.5,0.4397086622630239,1117.1882864483912
1297.5,0.4386177119089068,1117.9957740820578
1299.5,0.43813416644643627,1118.8032097051619
1301.5,0.4376424066586103,1119.6023888258433
1303.5,0.4360674601619764,1120.3976086500525
1305.5,0.4330090460241247,1121.1967887643632
1307.5,0.4289628089242649,1122.004230731979
1309.5,0.42475709862513644,1122.8117247694063
1311.5,0.42109825593374584,1123.5990024821622
1313.5,0.41843606462584426,1124.3658685199007
1315.5,0.4168955162223894,1125.1727045627968
1317.5,0.41627932051022815,1126.1143416863679
1319.5,0.4161380305660728,1127.2122177548385
1321.5,0.41585865363534696,1128.3513288437507
1323.5,0.4149174099324032,1129.3774220369123
1325.5,0.41319499677100835,1130.2417794223866
1327.5,0.4109687571067473,1131.0166222545708
1329.5,0.408580328259297,1131.7902750698163
1331.5,0.4062067265049176,1132.5908410059128
1333.5,0.40393281123249514,1133.402159667006
1335.5,0.40190299664495505,1134.2054798601534
1337.5,0.4003059452964216,1134.9966626766245
1339.5,0.3991799436140112,1135.787804418927
1341.5,0.39828531749174234,1136.6005117609052
1343.5,0.39724396038014853,1137.4341241489205
1345.5,0.3957601136462833,1138.2274672678946
1347.5,0.393716006724364,1138.8857053351383
1349.5,0.3911997257155784,1139.3877050362007
1351.5,0.3885018853755339,1139.8486407274354
1353.5,0.3859766997599461,1140.4227070095224
1355.5,0.3838535201848837,1141.158357582769
1357.5,0.3821435759055878,1141.983142637907
1359.5,0.38058883577623936,1142.809114816394
1361.5,0.37869865847183865,1143.609218747617
1363.5,0.3761334083352051,1144.3996543142557
1365.5,0.37319978952906646,1145.1962663813263
1367.5,0.37074513905474993,1145.9999987965525
1369.5,0.36938766495742403,1146.803731196967
1371.5,0.3689865177914198,1147.6003466521577
1373.5,0.368917058493961,1148.3907903818763
1375.5,0.3685767917379083,1149.1908937269045
1377.5,0.3676453141625915,1150.0168405138236
1379.5,0.3662463708329755,1150.8415999700337
1381.5,0.3649591192551742,1151.5772973907642
1383.5,0.3642937861373788,1152.151486119046
1385.5,0.36401080307542233,1152.6124169916766
1387.5,0.3632527224186923,1153.1140611959804
1389.5,0.3615606383213651,1153.7719408930434
1391.5,0.3595073379150394,1154.5659364886737
1393.5,0.3580069951764242,1155.4012549603394
1395.5,0.3572423139082855,1156.2138954280485
1397.5,0.35658471975088746,1157.0000856072998
1399.5,0.35546170326363924,1157.786276840165
1401.5,0.3539545680709464,1158.5986762938596
1403.5,0.3524713555057639,1159.4334140846004
1405.5,0.35116090099872976,1160.2274513792022
1407.5,0.3498348542062335,1160.8871373062166
1409.5,0.34835473238763714,1161.3906024910593
1411.5,0.34688902204635386,1161.848200866461
1413.5,0.34569523950092884,1162.4136793808652
1415.5,0.34477406499446034,1163.1497185025355
1417.5,0.34392729214635764,1163.999702940016
1419.5,0.34324700748828596,1164.8496837214257
1421.5,0.34333759507635664,1165.5865591691972
1423.5,0.34458728286004964,1166.154052664414
1425.5,0.3461577575360968,1166.6115063430923
1427.5,0.34625545713873107,1167.1087038540077
1429.5,0.3438474058499348,1167.7620709220973
1431.5,0.3397774016221047,1168.5676635202358
1433.5,0.3357925983817842,1169.4322824279
1435.5,0.33296064210580245,1170.237896303884
1437.5,0.3312173688994764,1170.891399235075
1439.5,0.3297892235211474,1171.3887338778623
1441.5,0.3276876596367467,1171.845918603137
1443.5,0.3245021066444504,1172.4127128371483
1445.5,0.3212685095261786,1173.1496172213517
1447.5,0.31987029517611565,1174.0016372180526
1449.5,0.3206460079255001,1174.8536773648445
1451.5,0.32110170169092483,1175.5859724167094
1453.5,0.3184984146789599,1176.1416612742355
1455.5,0.3135701376117419,1176.5996424111931
1457.5,0.31020173858094147,1177.1314574553503
1459.5,0.3108830281993232,1177.8183275014053
1461.5,0.31376273966811535,1178.5434028220675
1463.5,0.31522784225878714,1179.140196756582
1465.5,0.31406668426296364,1179.6140209742857
1467.5,0.31199503924507543,1180.1371293332522
1469.5,0.31084510644694713,1180.8153625008588
1471.5,0.3105698736240287,1181.5403211789037
1473.5,0.3100702222417895,1182.1400909998433
1475.5,0.3088156367900299,1182.6150533142963
1477.5,0.3071553089261915,1183.137536544999
1479.5,0.30548991955160476,1183.8151495961079
1481.5,0.3037132098255374,1184.5400999296749
1483.5,0.3016537430727071,1185.1400834883136
1485.5,0.2997962666856595,1185.6151275113534
1487.5,0.2991296537345869,1186.1375656315522
1489.5,0.30002665543818824,1186.8151339301403
1491.5,0.3015476715383518,1187.5400840836355
1493.5,0.3022758572028932,1188.1400840836359
1495.5,0.30160712669764655,1188.6151339301412
1497.5,0.2999821799707324,1189.1375656315513
1499.5,0.2981938146671318,1189.8151275113505
1501.5,0.29681910294007363,1190.540083488314
1503.5,0.29602120062122117,1191.1400999296834
1505.5,0.29544883146754575,1191.6151495961158
1507.5,0.29447081072151915,1192.1375365449835
1509.5,0.29287252862131957,1192.8150533142573
1511.5,0.2912412321956562,1193.540090999847
1513.5,0.2903013534304083,1194.1403211790193
1515.5,0.28995329144163406,1194.61536250097
1517.5,0.2893647715418787,1195.137129333039
1519.5,0.2881616581870108,1195.8140209737453
1521.5,0.287138124731441,1196.540196756637
1523.5,0.2872836023709364,1197.1434028236795
1525.5,0.28831316196115897,1197.6183275029562
1527.5,0.28869462206983854,1198.131457452383
1529.5,0.2871964576431633,1198.7996424036714
1531.5,0.2839829026629209,1199.541661275006
1533.5,0.2801573174940145,1200.1859724391627
1535.5,0.27687137844866794,1200.6536773864477
1537.5,0.2748834190730067,1201.0016371767265
1539.5,0.2743095797057584,1201.3496171165878
1541.5,0.27454310388670183,1201.8127128478814
1543.5,0.27475101321374507,1202.445918915871
1545.5,0.2745394619526822,1203.188734178759
1547.5,0.2740515852391475,1203.8913986594762
1549.5,0.2735615542206069,1204.437894844706
1551.5,0.2731708274188436,1204.8322825773926
1553.5,0.2728264990700487,1205.1676678760582
1555.5,0.2724253580449937,1205.5620751130452
1557.5,0.2718499162013026,1206.1086958369556
1559.5,0.2709559908553013,1206.8114860193696
1561.5,0.26958402734607423,1207.554054746579
1563.5,0.2676772880370431,1208.1866198379776
1565.5,0.2654400553400166,1208.6497420938022
1567.5,0.2632966670532392,1208.9995912768811
1569.5,0.2616242142404362,1209.3494354295929
1571.5,0.26054828289159926,1209.8137083816782
1573.5,0.2599366931881629,1210.4490458735586
1575.5,0.2594443723667656,1211.1914155133804
1577.5,0.2586542597914547,1211.8855820393765
1579.5,0.25739539696469327,1212.4235086817264
1581.5,0.25591389508546863,1212.8338180138167
1583.5,0.2545430409841096,1213.2104457244423
1585.5,0.2532345512906815,1213.5976018509261
1587.5,0.25160295498184254,1213.9784878969854
1589.5,0.24950755536923658,1214.360503778084
1591.5,0.24742231877208332,1214.8252093952146
1593.5,0.24604898993157664,1215.4494362622677
1595.5,0.24569667640393095,1216.1875585149282
1597.5,0.2461153729429507,1216.8840701986878
1599.5,0.2466917157147222,1217.4243233917941
1601.5,0.2466858107981314,1217.8346416886284
1603.5,0.2456684564919674,1218.2104137065714
1605.5,0.24403267337793258,1218.5972671572276
1607.5,0.24280866348840874,1218.9784898695489
1609.5,0.24267563882579704,1219.3608424411868
1611.5,0.24330847953838253,1219.8252398290451
1613.5,0.2438445280728636,1220.448597623366
1615.5,0.2436776571684065,1221.1867298015982
1617.5,0.24275097419549946,1221.8856096552631
1619.5,0.24151435215922593,1222.428249965165
1621.5,0.24077420740317518,1222.8342440874394
1623.5,0.2411345220942548,1223.1987047798143
1625.5,0.24230225674907196,1223.5859987936585
1627.5,0.2432097001256806,1223.9999759267298
1629.5,0.24302220049896678,1224.4139527635189
1631.5,0.24181858636262848,1224.8013145519053
1633.5,0.24019314493729524,1225.1659385351327
1635.5,0.23856327731173133,1225.5719209314143
1637.5,0.23702079931746242,1226.1140533189514
1639.5,0.2356389873762386,1226.8124211023007
1641.5,0.23467268226201715,1227.5514903981302
1643.5,0.23434735311056903,1228.1772975552376
1645.5,0.2345228271152433,1228.6415985537335
1647.5,0.23473415398348219,1229.0168399159872
1649.5,0.23463672936892863,1229.390893940174
1651.5,0.234303286854895,1229.7907906974874
1653.5,0.23401868474802662,1230.2003469083293
1655.5,0.23392856847979027,1230.6037313303946
1657.5,0.23393493149933647,1230.9999983038708
1659.5,0.23378147821769396,1231.3962652564717
1661.5,0.23316936655138762,1231.7996544537255
1663.5,0.2319845527878269,1232.2092221695448
1665.5,0.23055517113172697,1232.60911810068
1667.5,0.22946760317384973,1232.983136338201
1669.5,0.22884052312860992,1233.3583416215367
1671.5,0.22793828633329544,1233.8227086464894
1673.5,0.2259723031887455,1234.4486883782536
1675.5,0.22325049441449452,1235.1877508827815
1677.5,0.22107059181820876,1235.8856176319352
1679.5,0.22029595609719765,1236.4272449354985
1681.5,0.22043077928232424,1236.8341469269917
1683.5,0.2204155798406044,1237.2011754504274
1685.5,0.21990577547559648,1237.5884429867708
1687.5,0.21938288411035922,1237.9954411314852
1689.5,0.21916600088947857,1238.402383167842
1691.5,0.2187847481929714,1238.802476923032
1693.5,0.21763368012449946,1239.2000850084044
1695.5,0.2159960014034384,1239.5991702436959
1697.5,0.2149591645543809,1239.9996726881338
1699.5,0.21516581312243616,1240.4001711041751
1701.5,0.21597621566950664,1240.8001778350294
1703.5,0.21608505786481041,1241.2000061020694
1705.5,0.21458348261416793,1241.5999404249658
1707.5,0.21144175491860312,1241.9999765023838
1709.5,0.20768219745532226,1242.4000122906045
1711.5,0.20523747661653316,1242.8000127673788
1713.5,0.20560513551651277,1243.2000004205647
1715.5,0.20811020518050455,1243.5999957058248
1717.5,0.21017301970021196,1243.9999983452385
1719.5,0.20973604170641208,1244.4000009642862
1721.5,0.2069177012029938,1244.8000009082702
1723.5,0.20312051466424494,1245.1999997858327
1725.5,0.19943812988254864,1245.599999456579
1727.5,0.19620826787597612,1246.0000003309522
1729.5,0.1934538317514493,1246.4000012093986
1731.5,0.19124956449369823,1246.799999948401
1733.5,0.1897538696081703,1247.1999965810903
1735.5,0.18912528377981302,1247.59999668628
1737.5,0.1893771763434905,1248.0000062880908
1739.5,0.19009820605942745,1248.4000159672923
1741.5,0.1903703919656433,1248.799998369343
1743.5,0.1894245072949119,1249.1999523494294
1745.5,0.18752968129091535,1249.5999541513354
1747.5,0.1858927290538328,1250.000087702314
1749.5,0.18550541755593214,1250.4002223326902
1751.5,0.18633070772368768,1250.7999772223966
1753.5,0.18760652371151876,1251.1993363109173
1755.5,0.18846224841051082,1251.5993614324123
1757.5,0.18827830079571883,1252.0012215442996
1759.5,0.1869960706946841,1252.4030966903658
1761.5,0.18523635555545268,1252.799682744209
1763.5,0.18375604908309362,1253.1907560034117
1765.5,0.1827101520002918,1253.5911048317882
1767.5,0.1816266669873088,1254.0169495555706
1769.5,0.18007548671957369,1254.4416082906769
1771.5,0.17813505164073873,1254.7772442047067
1773.5,0.17618329500645435,1254.9513228238836
1775.5,0.17449907768521394,1255.0122774089627
1777.5,0.17315280092557395,1255.1143650326874
1779.5,0.17212364651369033,1255.3726918886468
1781.5,0.17138559938261158,1255.7658557918166
1783.5,0.17087545513622,1256.1990032065287
1785.5,0.1704333732699447,1256.6117301651752
1787.5,0.16989097831101008,1257.0042302794536
1789.5,0.16935560913949,1257.396782457974
1791.5,0.1693224253412224,1257.797608289081
1793.5,0.17016393060444013,1258.202404986837
1795.5,0.17143610890438787,1258.6032255917983
1797.5,0.17205139608377462,1258.9957444003817
1799.5,0.17141635484308265,1259.3882108330947
1801.5,0.17012562972397244,1259.8010038505759
1803.5,0.16912065828734107,1260.2343230139245
1805.5,0.16841516805290443,1260.6274798098893
1807.5,0.16711194192216466,1260.8853058051645
1809.5,0.16471954260542873,1260.9868885170358
1811.5,0.16200287128245253,1261.0487626996544
1813.5,0.16018433686577735,1261.225245799742
1815.5,0.15965891937526316,1261.560787439048
1817.5,0.15980757766046405,1261.978467494514
1819.5,0.1598060089999046,1262.3972771339158
1821.5,0.15925311934949798,1262.8104257038476
1823.5,0.15821545095119185,1263.2346463519016
1825.5,0.15710869883732792,1263.6243235171287
1827.5,0.15643336874801866,1263.884060798301
1829.5,0.15622089442180692,1263.9875394731246
1831.5,0.15577167415400905,1264.0494391478499
1833.5,0.15438978731073388,1264.2252687103428
1835.5,0.15240949995335867,1264.5605605349097
1837.5,0.15106429967504204,1264.9783786666062
1839.5,0.15112289423568942,1265.3973252889868
1841.5,0.1519999250443138,1265.810474125315
1843.5,0.1525081031201889,1266.2346437623335
1845.5,0.15208198041851345,1266.6243031519507
1847.5,0.15100390797257984,1266.8840622144526
1849.5,0.14976268436774215,1266.9875626880353
1851.5,0.14856944290103657,1267.0494406001962
1853.5,0.14740552466006995,1267.2252095457884
1855.5,0.1462221341533193,1267.560502326553
1857.5,0.14504364144059323,1267.9784873206356
1859.5,0.1440247013151199,1268.397602142664
1861.5,0.14342356223433303,1268.8104460366985
1863.5,0.1433024482911382,1269.2338180481433
1865.5,0.1431499311690831,1269.623508600137
1867.5,0.1420867569648468,1269.8855819547139
1869.5,0.1397764787365119,1269.9914154246026
1871.5,0.1369956217845069,1270.0490459072184
1873.5,0.13499737847460402,1270.2137087116805
1875.5,0.1345128733334307,1270.549435738875
1877.5,0.13546096397813912,1270.9995906679574
1879.5,0.13719725393180146,1271.4497405591778
1881.5,0.13878786369917728,1271.786619996963
1883.5,0.1394487477268048,1271.954059332284
1885.5,0.1390570781973257,1272.0114904309085
1887.5,0.13814663638828623,1272.1086873966838
1889.5,0.13738725260921278,1272.3620537170846
1891.5,0.13716891827249844,1272.7676700682002
1893.5,0.13746015603954775,1273.232346447268
1895.5,0.13774005701129277,1273.6379562969692
1897.5,0.13727146641305166,1273.8912811045993
1899.5,0.13587049766191164,1273.9884361699328
1901.5,0.13434436453117954,1274.045949446874
1903.5,0.1337778803786303,1274.2136024404276
1905.5,0.13447430169951405,1274.5504730367288
1907.5,0.1358233974807501,1274.999999848717
1909.5,0.13701967182766916,1275.4495266588424
1911.5,0.13761006032587447,1275.786397681059
1913.5,0.1375117117566486,1275.9540517007817
1915.5,0.13689304501955052,1276.011564904033
1917.5,0.1360484296185553,1276.10871677743
1919.5,0.13519883188340984,1276.362038367056
1921.5,0.1343758170794994,1276.7676541058863
1923.5,0.1335398378992138,1277.2323458774863
1925.5,0.1327614819869198,1277.6379616228623
1927.5,0.1322153892620982,1277.8912832542842
1929.5,0.13198300540520735,1277.9884351698672
1931.5,0.1319236211636209,1278.0459482903798
1933.5,0.13179829576893187,1278.213602094987
1935.5,0.1314668480491648,1278.5504731261055
1937.5,0.13092860855738758,1279.0000005635607
1939.5,0.13023186954034008,1279.4495280079514
1941.5,0.12941324745736388,1279.7863974524544
1943.5,0.12853365469095251,1279.9540474343894
1945.5,0.12773593061780575,1280.01156082941
1947.5,0.12717240355804157,1280.1087246355582
1949.5,0.1267630408494449,1280.3620582546498
1951.5,0.12610018233183054,1280.7676520619134
1953.5,0.12488364754641268,1281.232286493435
1955.5,0.12351059145987356,1281.63790448876
1957.5,0.1229160594719168,1281.891392553236
1959.5,0.12357145536269175,1281.9887122470723
1961.5,0.12485288368175719,1282.045919903364
1963.5,0.12570185909889958,1282.2127749846618
1965.5,0.12566748256626936,1282.5496773232935
1967.5,0.12511514128330503,1283.0015228907578
1969.5,0.1247190487862943,1283.453387201228
1971.5,0.12501469615908434,1283.7860020782068
1973.5,0.12611747500387463,1283.9425272738904
1975.5,0.12747637140546503,1284.0004756534995
1977.5,0.12811592350944764,1284.1298635550593
1979.5,0.1275031521745443,1284.4142868415606
1981.5,0.12608354147183784,1284.743816782804
1983.5,0.12470016168552599,1284.9522586042376
1985.5,0.12370073122896277,1285.0256273352802
1987.5,0.12285280418241334,1285.114993418787
1989.5,0.12201143309448854,1285.3606064684018
1991.5,0.1215282798004968,1285.764415394378
1993.5,0.12175170803820931,1286.2276636199072
1995.5,0.12226216321122518,1286.6345900131455
1997.5,0.12199364745559793,1286.9000729894137
1999.5,0.12031793170020783,1287.0086126343515
2001.5,0.1177577680779242,1287.0319418572558
2003.5,0.11539780016225618,1287.0738947823254
2005.5,0.11392077735713632,1287.1937449507539
2007.5,0.11335909472942482,1287.3888483792675
2009.5,0.11341590560162455,1287.625795724083
2011.5,0.11373543655285065,1287.8667252937498
2013.5,0.1140200885338624,1288.0840434577015
2015.5,0.11410858590153428,1288.272973225475
2017.5,0.11397631043410095,1288.4515755560474
2019.5,0.11366401840803468,1288.6486388193362
2021.5,0.11322526571260949,1288.8930744941765
2023.5,0.11270771471674082,1289.2036387469248
2025.5,0.11214379174053812,1289.5774172935758
2027.5,0.11155061988169035,1289.9898233975978
2029.5,0.11093798070419666,1290.4060718507708
2031.5,0.11031401337721056,1290.7910700980478
2033.5,0.10968656624367554,1291.1184957871046
2035.5,0.1090632108657773,1291.3807834050485
2037.5,0.10845124281502386,1291.589130853562
2039.5,0.10785768386790578,1291.7636479727562
2041.5,0.10728808326956692,1291.9255508811298
2043.5,0.10674142107157147,1292.0922847361549
2045.5,0.10620298390208364,1292.2730261410734
2047.5,0.10564438472234876,1292.468673598744
2049.5,0.1050310931762998,1292.6761488714849
2051.5,0.10433135392602905,1292.8914276229452
2053.5,0.10353245071554788,1293.1100656497847
2055.5,0.1026616666016161,1293.3269215965804
2057.5,0.10178626650650041,1293.5361634683964
2059.5,0.10099217833673835,1293.731679790069
2061.5,0.1003643539430592,1293.9078131590645
2063.5,0.09996454637081206,1294.0612957703438
2065.5,0.09980526701611211,1294.1938580881888
2067.5,0.09984976600132017,1294.3122291861691
2069.5,0.10003767161173197,1294.4255350638261
2071.5,0.10030341895880764,1294.5434284275734
2073.5,0.10058099873733103,1294.6755978570818
2075.5,0.10080548332938744,1294.83148877161
2077.5,0.10091906361869428,1295.0189658411018
2079.5,0.10088580643870622,1295.2410360789577
2081.5,0.10070179940478674,1295.493596134796
2083.5,0.10038500608203653,1295.767685001691
2085.5,0.0999605088730752,1296.0527609231667
2087.5,0.09945449071626358,1296.3380389690797
2089.5,0.09889308919508555,1296.6127698018963
2091.5,0.0983012288300307,1296.8667279918861
2093.5,0.0976983091838572,1297.0920723083946
2095.5,0.097092207920253,1297.285933595208
2097.5,0.09647928080383585,1297.450414770554
2099.5,0.09585035864149208,1297.590002951737
2101.5,0.0951950580202528,1297.7097096145976
2103.5,0.09450290723485852,1297.8145985567735
2105.5,0.09376391400806705,1297.9097323969718
2107.5,0.09297120809275147,1298.0001502323644
2109.5,0.09212751331288906,1298.0908187442903
2111.5,0.09124959675284743,1298.186598615877
2113.5,0.09036381956809844,1298.2922781144196
2115.5,0.08949966485609023,1298.4126219005832
2117.5,0.08868709019633164,1298.5523886810574
2119.5,0.08795586015955456,1298.7162883863787
2121.5,0.08733348068892127,1298.9085469879988
2123.5,0.08683718402764443,1299.131190009672
2125.5,0.08646277736201288,1299.3816541009014
2127.5,0.08618464282139178,1299.6527870369382
2129.5,0.08596688883519668,1299.9352361453357
2131.5,0.085771366010299,1300.2191651634434
2133.5,0.08555976182368259,1300.4947027436624
2135.5,0.08529467044507502,1300.7521696333974
2137.5,0.08494458924745166,1300.9831374119992
2139.5,0.08449615627469872,1301.1830214937086
2141.5,0.08396256286205174,1301.352863681574
2143.5,0.08337514101565713,1301.4975496135348
2145.5,0.08277112590810984,1301.623215779088
2147.5,0.08218865733974308,1301.7361918633328
2149.5,0.08166566826041785,1301.8427957684153
2151.5,0.08123739774275249,1301.9490942126986
2153.5,0.08092682849371116,1302.060010178874
2155.5,0.08073138345765038,1302.1780814717488
2157.5,0.08062292581631886,1302.303460718246
2159.5,0.08056106238581127,1302.4351568096163
2161.5,0.08050270616030118,1302.571927091285
2163.5,0.08040456533677762,1302.7125036883017
2165.5,0.08022428244163551,1302.8556175433732
2167.5,0.07992559429695548,1302.9999996352021
2169.5,0.07949096572102542,1303.144381118332
2171.5,0.0789302745171394,1303.287493404694
2173.5,0.07827212648479878,1303.4280680820623
2175.5,0.07755122184728962,1303.5648368166524
2177.5,0.0768032023456352,1303.6965324743433
2179.5,0.07606365711603173,1303.82191313278
2181.5,0.0753669993891582,1303.9399883173346
2183.5,0.07474228773481523,1304.0509108428605
2185.5,0.07420741396548236,1304.1572177716007
2187.5,0.07376910313631815,1304.2638304131847
2189.5,0.07342872564160272,1304.3768133667254
2191.5,0.07318647371897932,1304.5024823172178
2193.5,0.07304240344993893,1304.647164731377
2195.5,0.07299630382869969,1304.816995004348
2197.5,0.07304628094049744,1305.01685748083
2199.5,0.07318526972741606,1305.247795132419
2201.5,0.07339863590373091,1305.5052281453284
2203.5,0.07366657404056545,1305.780735332668
2205.5,0.07396759596479777,1306.0646454766159
2207.5,0.07427995566032419,1306.3470953828
2209.5,0.07458196667631034,1306.6182568224958
2211.5,0.0748527164662264,1306.8687838816973
2213.5,0.0750748135079703,1307.0915252936306
2215.5,0.07523820912078832,1307.2839065693242
2217.5,0.07534019746527534,1307.4479299976076
2219.5,0.0753815937264539,1307.5877925145433
2221.5,0.07536398767564192,1307.7081736485543
2223.5,0.07528905396182647,1307.813798198536
2225.5,0.07515857554550609,1307.909348050438
2227.5,0.07497500883483722,1307.9992142785904
2229.5,0.07474287948948641,1308.0868941906394
2231.5,0.07446974202282095,1308.1745768489486
2233.5,0.07416522019971827,1308.2635575491965
2235.5,0.07383961116736179,1308.35484073471
2237.5,0.07350331671719443,1308.449385650079
2239.5,0.0731667458747567,1308.5481484152879
2241.5,0.07284030735986892,1308.6520849747058
2243.5,0.07253439131130947,1308.7621478792692
2245.5,0.07225911908528179,1308.8792405924928
2247.5,0.07202288243112023,1309.00395070197
2249.5,0.07182875815062643,1309.1358951331308
2251.5,0.07167204332504841,1309.2732700108536
2253.5,0.07154272008810142,1309.413300797853
2255.5,0.07142904102650834,1309.5528971005147
2257.5,0.0713189933044233,1309.6889205371658
2259.5,0.07120061664348032,1309.818252608602
2261.5,0.0710626597768509,1309.938006870348
2263.5,0.07089709746747325,1310.046352406579
2265.5,0.07070263212964081,1310.1436595299951
2267.5,0.0704846938290023,1310.2324997818243
2269.5,0.07025193866097316,1310.3165002319438
2271.5,0.07001373223313456,1310.3995200963886
2273.5,0.0697795112915893,1310.4854418670955
2275.5,0.06955871583219297,1310.5781491115067
2277.5,0.06936077972374816,1310.68152407784
2279.5,0.06919500584451997,1310.799420668728
2281.5,0.06906939061633185,1310.9354100772641
2283.5,0.06898599022830451,1311.0917780649106
2285.5,0.06893447294462221,1311.2681297185864
2287.5,0.06889211910453265,1311.4613894506679
2289.5,0.06883026881458086,1311.6671962418989
2291.5,0.06871895572487025,1311.8809063634862
2293.5,0.06852808249496659,1312.0978477410504
2295.5,0.0682275458402917,1312.3133469822596
2297.5,0.06778725599003434,1312.5227318417892
2299.5,0.06717741162304866,1312.7213548639716
2301.5,0.06637108832006816,1312.9048158370344
2303.5,0.065354442439785,1313.0698387246543
2305.5,0.06414090935563224,1313.2154918769666
2307.5,0.06277120345578395,1313.3431880305618
2309.5,0.06129911990637278,1313.4554640974834
2311.5,0.05978133077541074,1313.5551042336665
2313.5,0.0582747965805753,1313.6449173847063
2315.5,0.05683649122164244,1313.7277136576445
2317.5,0.055523375265613975,1313.8063026519903
2319.5,0.0543921218558443,1313.8834827799715
2321.5,0.053496537466974074,1313.961940875538
2323.5,0.05287739432412915,1314.0438564454116
2325.5,0.05254828266939292,1314.1303510021355
2327.5,0.052495610761806394,1314.2214880640727
2329.5,0.05269275261089571,1314.3168238223584
2331.5,0.05311021555747332,1314.4158028898514
2333.5,0.053718219518704244,1314.517858692128
2335.5,0.05448697082502759,1314.6224241264367
2337.5,0.055386674938366055,1314.7289320845898
2339.5,0.05638752405429677,1314.8368155426158
2341.5,0.05745957805423924,1314.9455083165028
2343.5,0.058572295209899025,1315.0544480413878
2345.5,0.05969387917950937,1315.163080316965
2347.5,0.06079127900783124,1315.2708587074867
2349.5,0.06183084212991165,1315.3772405963539
2351.5,0.06277878366663998,1315.4816842069267
2353.5,0.06360130547256004,1315.5836478467827
2355.5,0.06426460901202134,1315.6825898366096
2357.5,0.06473490900390755,1315.7779690096518
2359.5,0.06497870103036363,1315.8692550495666
2361.5,0.06496528191111971,1315.9560258584515
2363.5,0.06467668521133459,1316.0383513890383
2365.5,0.06412150605599186,1316.1173277300059
2367.5,0.0633349011298998,1316.1950771059815
2369.5,0.06236476386329541,1316.2742137922262
2371.5,0.06126178892400081,1316.3574602824415
2373.5,0.06007695184309946,1316.4475499207417
2375.5,0.05886124123573805,1316.5472165438541
2377.5,0.05766563576081509,1316.6591928824646
2379.5,0.05654089827705542,1316.7861880566456
2381.5,0.05553563932338709,1316.9306757020029
2383.5,0.054688683210865924,1317.0940587467717
2385.5,0.054018445781324434,1317.2755072365399
2387.5,0.05352293440737182,1317.471958334249
2389.5,0.05319037023374505,1317.6792784954698
2391.5,0.053006822085384334,1317.893098691306
2393.5,0.052958142987056166,1318.1090262822481
2395.5,0.05303017574243337,1318.3226675337849
2397.5,0.05320876137732629,1318.5296298235044
2399.5,0.05347970712203874,1318.7255444952648
2401.5,0.0538284831416326,1318.9062819245974
2403.5,0.05423902702349693,1319.0687993229362
2405.5,0.054692080275318126,1319.2123204192492
2407.5,0.05516518832507989,1319.3383354600383
2409.5,0.05563436402309315,1319.4494215277073
2411.5,0.056075283154426864,1319.5483947363343
2413.5,0.056463587708643466,1319.638095166267
2415.5,0.056774918240668035,1319.721364019195
2417.5,0.05698492434456405,1319.801041920504
2419.5,0.057069447594545776,1319.879956866882
2421.5,0.05700624431156774,1319.9608109005476
2423.5,0.056781776840636275,1320.0457333704235
2425.5,0.05640066330917326,1320.13565931505
2427.5,0.055885677627016274,1320.2303294625854
2429.5,0.0552682997280546,1320.328911847891
2431.5,0.05458192429291782,1320.4304485513599
2433.5,0.05386013798238631,1320.5339690246872
2435.5,0.053136536392563896,1320.6385021259687
2437.5,0.05244470785929544,1320.7430768641493
2439.5,0.05181808358204405,1320.8467256670087
2441.5,0.05128852753379956,1320.9485150606674
2443.5,0.05088077777837334,1321.047666610532
2445.5,0.05060471181225124,1321.1437252052078
2447.5,0.05045534656459372,1321.236559056501
2449.5,0.05042057305538263,1321.3261914155028
2451.5,0.05048671507812666,1321.4126796316446
2453.5,0.05063993928995269,1321.4960844731938
2455.5,0.05086640492614064,1321.5764668698962
2457.5,0.05115227108971013,1321.6538877543744
2459.5,0.05148369688368072,1321.7284080592517
2461.5,0.05184684159570323,1321.8000887449439
2463.5,0.052227871366097786,1321.8689918034188
2465.5,0.05261305146192549,1321.9351941484715
2467.5,0.052989285027505786,1321.998868715356
2469.5,0.053345435354415285,1322.0604835058095
2471.5,0.053673234887277,1322.120938423254
2473.5,0.0539663762179711,1322.1814284375953
2475.5,0.05421918981563613,1322.2432445401969
2477.5,0.05442610527615152,1322.3076926442507
2479.5,0.054581559048066164,1322.3760796944998
2481.5,0.05467998776456004,1322.449712663481
2483.5,0.054715828058813185,1322.52989852373
2485.5,0.054683516620197006,1322.617944237959
2487.5,0.05457749329128779,1322.7151562175536
2489.5,0.054392264674756385,1322.8228292011795
2491.5,0.0541230032164499,1322.9421415076158
2493.5,0.053767908836599244,1323.0737421144497
2495.5,0.05333149503392458,1323.2171760965664
2497.5,0.05282458888563535,1323.3708846261452
2499.5,0.05226104494332477,1323.5327795341748
2501.5,0.05165538360176234,1323.700656231759
2503.5,0.05102219201581211,1323.8722984572794
2505.5,0.050376060493543,1324.0454893977922
2507.5,0.04973157939921534,1324.21801223053
2509.5,0.04910333909708944,1324.3876501327234
2511.5,0.048505929407617054,1324.5521863626423
2513.5,0.04795391996754887,1324.709407186303
2515.5,0.04746158844792259,1324.8571423780454
2517.5,0.04704133373019006,1324.9935016868108
2519.5,0.04669978132137203,1325.1174552017424
2521.5,0.04643510598848677,1325.229232329465
2523.5,0.04623970912412147,1325.3299228168057
2525.5,0.04610411333127745,1325.4208963851936
2527.5,0.04601854924724304,1325.50356626438
2529.5,0.04597322732560552,1325.5793486918644
2531.5,0.0459583574761436,1325.6496599861835
2533.5,0.045964149608636005,1325.7159164658733
2535.5,0.04598081366870596,1325.7795344444717
2537.5,0.045998561613409546,1325.841929955025
2539.5,0.04600764798613931,1325.9045130919515
2541.5,0.04599875207236985,1325.9686347197626
2543.5,0.045964484386758465,1326.035376394773
2545.5,0.04590148288250693,1326.1052580505623
2547.5,0.04581041295136151,1326.1782379979738
2549.5,0.045693871214251155,1326.2540052396553
2551.5,0.045554879034186896,1326.3321895483464
2553.5,0.045396500360516207,1326.4124147581597
2555.5,0.045221801154019386,1326.4943044227161
2557.5,0.0450338474113213,1326.5774820906377
2559.5,0.044835705129046784,1326.6615713105466
2561.5,0.04463044024877409,1326.7461956414577
2563.5,0.04442111666900171,1326.8309790281187
2565.5,0.04421076873422164,1326.9155509950774
2567.5,0.044002240609883475,1326.9995769726968
2569.5,0.0437977920560151,1327.0828327271252
2571.5,0.04359882741293537,1327.1652555278113
2573.5,0.04340616661554143,1327.24689297999
2575.5,0.04322043941968805,1327.3278285947113
2577.5,0.04304224602722345,1327.4081514628238
2579.5,0.04287218459691615,1327.4879510609098
2581.5,0.042710853232488036,1327.5673168759458
2583.5,0.042558850037661,1327.6463383949063
2585.5,0.042416773107835704,1327.7251051045687
2587.5,0.042285220071462626,1327.8037064806044
2589.5,0.042164778670658154,1327.8822317635493
2591.5,0.04205593804450104,1327.9607678487714
2593.5,0.04195873900101993,1328.039390968565
2595.5,0.04187228738631956,1328.1181551181558
2597.5,0.04179475408458076,1328.1970920557014
2599.5,0.04172386164893423,1328.2762228762865
2601.5,0.04165723402947305,1328.3555663298266
2603.5,0.041592485289956224,1328.435140931103
2605.5,0.04152722902719256,1328.51496518379
2607.5,0.04145907882966962,1328.595057591364
2609.5,0.041385648285875,1328.6754366573014
2611.5,0.041304551100058734,1328.7561208810198
2613.5,0.041213405273046885,1328.8371286112615
2615.5,0.04110989095744269,1328.918476017193
2617.5,0.04099208825045389,1329.0001652424885
2619.5,0.04085930624798563,1329.0821553315718
2621.5,0.04071265298494817,1329.1643422426139
2623.5,0.04055446549494911,1329.246578834535
2625.5,0.04038748075620062,1329.3287039407637
2627.5,0.040214497898692005,1329.410554215152
2629.5,0.040038320348988604,1329.4919661608778
2631.5,0.039861751649418235,1329.572776277059
2633.5,0.03968759534230869,1329.6528210628137
2635.5,0.03951865495630889,1329.7319370181099
2637.5,0.03935773325247048,1329.8099606905957
2639.5,0.039207616740168455,1329.88672963742
2641.5,0.039070929839912144,1329.9620914841591
2643.5,0.03894955998202135,1330.035939635792
2645.5,0.03884385765716986,1330.1082629669274
2647.5,0.03875263641638553,1330.1791458218047
2649.5,0.03867397282050665,1330.2487183240667
2651.5,0.038605781341505836,1330.317120665782
2653.5,0.0385459601996791,1330.3844940485217
2655.5,0.038492406847725105,1330.450979721535
2657.5,0.0384430187246637,1330.5167189349233
2659.5,0.0383956932695147,1330.5818529387864
2661.5,0.0383483279212979,1330.6465229832238
2663.5,0.038298820119033156,1330.7108703183367
2665.5,0.038245067312069864,1330.775036193719
2667.5,0.038184967529407594,1330.8391618305402
2669.5,0.038116431072479945,1330.9033878481937
2671.5,0.038037490643931984,1330.9678488641362
2673.5,0.03794673548366185,1331.0326522060573
2675.5,0.037843915449688265,1331.0978482908117
2677.5,0.03772994101815054,1331.1634306244202
2679.5,0.03760627920244104,1331.2293654231353
2681.5,0.03747451941716362,1331.2956129012746
2683.5,0.03733626334935614,1331.3621326713776
2685.5,0.03719311326570665,1331.4288843175598
2687.5,0.03704667144323276,1331.4958274234314
2689.5,0.03689854015895211,1331.5629215726015
2691.5,0.036750321689882307,1331.6301263486803
2693.5,0.036603618313040986,1331.6974013352774
2695.5,0.036460032298884545,1331.764706116172
2697.5,0.036321165549682566,1331.8320002846608
2699.5,0.03618861217240206,1331.8992436355486
2701.5,0.03606388852623221,1331.9663979734164
2703.5,0.03594815746459037,1332.0334342409474
2705.5,0.035841844630217945,1332.100342437677
2707.5,0.03574463845518047,1332.1671316199922
2709.5,0.035655873865771626,1332.233819982384
2711.5,0.03557480804050725,1332.3004277291172
2713.5,0.03550069036260062,1332.366975265967
2715.5,0.03543276984707819,1332.4334830082244
2717.5,0.035370295502405204,1332.4999713713505
2719.5,0.03531251633704689,1332.5664607708065
2721.5,0.0352586813594685,1332.6329716220534
2723.5,0.03520803957813524,1332.6995243405522
2725.5,0.035159840002557646,1332.7661393415924
2727.5,0.03511333170090264,1332.8328370308163
2729.5,0.035067764983218924,1332.8996376096106
2731.5,0.03502240254567482,1332.9665592421968
2733.5,0.03497656340199376,1333.0336108301522
2735.5,0.03492968401208017,1333.10078195848
2737.5,0.03488131828201954,1333.1680428956101
2739.5,0.034831076435452454,1333.2353546473282
2741.5,0.03477858108213908,1333.302676182254
2743.5,0.034723456073721404,1333.369966264752
2745.5,0.034665325320497806,1333.4371836495407
2747.5,0.03460381273381194,1333.5042870911652
2749.5,0.03453854222500746,1333.5712353441713
2751.5,0.034469137705428046,1333.6379871631048
2753.5,0.03439522308641735,1333.7045013025122
2755.5,0.03431642228283556,1333.770736516861
2757.5,0.03423235940687367,1333.8366515562775
2759.5,0.034142662748638385,1333.9022050789467
2761.5,0.034047002267390526,1333.9673548260726
2763.5,0.03394523738486671,1334.0320543694947
2765.5,0.033837622633070386,1334.0962485861505
2767.5,0.03372480765427187,1334.1598736580736
2769.5,0.03360763155321722,1334.2228615979357
2771.5,0.03348697510380669,1334.2851435014245
2773.5,0.03336372325785615,1334.3466503722898
2775.5,0.03323876116451236,1334.407313209936
2777.5,0.03311297397643856,1334.4670630136925
2779.5,0.032987246846298,1334.5258307828872
2781.5,0.03286246492675393,1334.5835475168485
2783.5,0.032739513370469604,1334.640144214905
2785.5,0.032619277330108276,1334.6955518763857
2787.5,0.032502641958333175,1334.749701500618
2789.5,0.03239049240780757,1334.8025240869306
2791.5,0.03228371378801499,1334.853950647439
2793.5,0.032183189605804435,1334.9039126688494
2795.5,0.03208978018524301,1334.9523485030209
2797.5,0.03200419666997281,1334.999240678846
2799.5,0.031926691783779944,1335.0447074778072
2801.5,0.03185684724130996,1335.0890658883736
2803.5,0.03179378633735243,1335.132768651605
2805.5,0.03173648318627188,1335.1763126855942
2807.5,0.031683888719651,1335.2202017735872
2809.5,0.03163495226643789,1335.2649401734202
2811.5,0.03158862311240095,1335.311032155717
2813.5,0.03154385054330861,1335.3589819911012
2815.5,0.03149958384492927,1335.4092939501961
2817.5,0.03145477230303133,1335.4624723036259
2819.5,0.03140836520338321,1335.5190213220133
2821.5,0.0313593118317533,1335.5794452759822
2823.5,0.03130656147391002,1335.644248436156
2825.5,0.031249063421558698,1335.7139350694424
2827.5,0.031185767299557937,1335.789009234219
2829.5,0.03111562978633388,1335.869970573844
2831.5,0.031037677910270206,1335.9572746977262
2833.5,0.030951258568905893,1336.0511770004787
2835.5,0.030856385723729007,1336.151515343266
2837.5,0.030753740400176713,1336.2577100538028
2839.5,0.030644323492841456,1336.3689812450102
2841.5,0.03052920624627324,1336.4845049958583
2843.5,0.030409466958589596,1336.6034529702977
2845.5,0.030286184261061305,1336.7249966237496
2847.5,0.03016043679089612,1336.8483074079193
2849.5,0.030033303185301757,1336.9725567745118
2851.5,0.02990586208148595,1337.0969161752328
2853.5,0.02977919211665642,1337.220557061787
2855.5,0.029654371928020902,1337.3426508858793
2857.5,0.029532480152787116,1337.4623690992153
2859.5,0.029414595428162795,1337.5788831534996
2861.5,0.029301796348254704,1337.6913645293503
2863.5,0.029195159907457788,1337.7989857804791
2865.5,0.02909573995966376,1337.9009349833652
2867.5,0.029004441450400875,1337.9965001029718
2869.5,0.028921711741365413,1338.0852760538128
2871.5,0.02884732840883799,1338.1673070458492
2873.5,0.028780611445267255,1338.2429442385942
2875.5,0.028720731934738404,1338.3126386800436
2877.5,0.02866683782083338,1338.3768569409608
2879.5,0.028618075447422328,1338.4360666652044
2881.5,0.028573591115274417,1338.490735525544
2883.5,0.028532531125158824,1338.5413311947498
2885.5,0.028494041777844717,1338.5883213455925
2887.5,0.028457269374101278,1338.6321736508426
2889.5,0.028421360214697673,1338.67335578327
2891.5,0.02838546060040308,1338.7123354156452
2893.5,0.028348716831986663,1338.7495802207382
2895.5,0.028310275210217603,1338.7855578713202
2897.5,0.028269282035865068,1338.8207360401602
2899.5,0.028224883609698236,1338.8555824000296
2901.5,0.028176226267106568,1338.8905646102712
2903.5,0.02812245762842748,1338.9261498318826
2905.5,0.02806274390130998,1338.9627980170708
2907.5,0.02799637090213074,1339.0009227297232
2909.5,0.027922991995594025,1339.0407949860237
2911.5,0.027842798542924457,1339.082477148865
2913.5,0.027756349453674223,1339.1258890334361
2915.5,0.027664323246123185,1339.170904066606
2917.5,0.02756741702586283,1339.217388466454
2919.5,0.02746632918343255,1339.2652079527134
2921.5,0.02736175814399206,1339.3142282316899
2923.5,0.027254402332701058,1339.3643150096902
2925.5,0.02714496017471925,1339.4153339930199
2927.5,0.027034130095206336,1339.4671508879856
2929.5,0.026922610519322016,1339.519631400893
2931.5,0.026811099872225998,1339.5726412380486
2933.5,0.026700296579077985,1339.6260461057584
2935.5,0.026590899065037685,1339.6797117103285
2937.5,0.02648360575526479,1339.733503758065
2939.5,0.02637911507491901,1339.7872879552738
2941.5,0.026278125423767323,1339.840930012807
2943.5,0.026181334259114317,1339.8942958102316
2945.5,0.02608942540515019,1339.9472536676494
2947.5,0.02600299495743069,1339.9996876099249
2949.5,0.02592236942823356,1340.0515299214358
2951.5,0.025847480729032764,1340.1027835261152
2953.5,0.025777991188024298,1340.1534996074115
2955.5,0.025713475404769655,1340.2037450535327
2957.5,0.02565349434571598,1340.253589193223
2959.5,0.025597608034848007,1340.3031015239428
2961.5,0.025545376470757747,1340.3523515476968
2963.5,0.02549635965203722,1340.40140876649
2965.5,0.02545011757727843,1340.4503426823276
2967.5,0.0254062102450734,1340.4992227972152
2969.5,0.025364197654014143,1340.5481186131578
2971.5,0.025323639802692678,1340.5970996321603
2973.5,0.02528409668970101,1340.6462353562283
2975.5,0.02524512831363116,1340.6955952873668
2977.5,0.02520629467307514,1340.745248927581
2979.5,0.02516715576662497,1340.795265778876
2981.5,0.025127271608729327,1340.8457153394975
2983.5,0.025086202802364566,1340.8966669681572
2985.5,0.0250435184638068,1340.9481880051483
2987.5,0.024998842492131024,1341.0003328023076
2989.5,0.024951967129697054,1341.0531157989567
2991.5,0.02490293103027421,1341.1064930127263
2993.5,0.02485194872150944,1341.1603731884509
2995.5,0.024799531325986016,1341.21441571705
2997.5,0.02474897839114903,1341.265560173682
2999.5,0.024713909951179752,1341.3006498098384
